CHROM_POS	B_duttonii_CR2A	B_hispanica_CRI	B_crocidurae_Achema	B_crocidurae_DOU	C13361	C10416	OSL9	C10976	B_recurrentis_A17	B_recurrentis_A1	B_recurrentis_PBek	B_recurrentis_PUfA	B_recurrentis_PMaC	B_recurrentis_PAbJ	B_recurrentis_PAbN	C11907	C11907_Br-BMh	C11907_Br-BMh_Bg	Las_Gobas12	Las_Gobas12_Br-BMh	Las_Gobas12_Br-BMh_Bg	YYY092B	YYY092B_Br-BMh	YYY092B_Br-BMh_Bg	YYY093A	YYY093A_Br-BMh	YYY093A_Br-BMh_Bg
NC_011244.1_456089	1	1	1	1	2	1	2	1	1	1	1	1	1	1	1	2	0	0	0	0	0	2	0	0	2	0	1
NC_011244.1_456244	1	1	1	1	2	2	2	2	1	1	1	1	1	1	1	2	0	1	2	0	0	2	0	0	2	0	0
NC_011244.1_456327	1	1	1	1	2	2	2	2	1	1	1	1	1	1	1	2	0	0	2	0	0	1	0	0	2	0	1
NC_011255.1_16221	0	0	0	2	0	0	1	1	1	1	1	1	1	1	1	1	1	1	1	1	1	1	0	0	0	0	0
NC_011255.1_16231	0	0	0	2	1	1	1	1	1	1	1	1	1	1	1	1	1	1	1	1	1	1	0	0	0	0	0
NC_011246.1_28367	2	0	2	1	1	1	0	1	1	1	1	1	1	1	1	0	0	0	0	0	0	1	1	1	0	0	0
NC_011253.1_26113	2	2	0	1	0	1	1	1	1	1	1	1	1	1	1	0	0	0	0	0	0	1	1	1	0	0	0
NC_011244.1_276093	1	2	2	2	1	1	1	1	1	1	1	1	1	1	1	0	0	0	0	0	0	1	1	1	0	0	0
NC_011263.1_1858	1	1	1	2	1	1	1	1	1	1	1	1	1	1	1	1	0	1	0	0	0	1	0	1	0	0	0
NC_011252.1_7545	0	1	1	2	1	1	1	1	1	1	1	1	1	1	1	0	0	0	0	0	0	1	0	0	0	0	0
NC_011246.1_28340	1	0	1	2	1	1	1	1	1	1	1	1	1	1	1	0	0	0	0	0	0	1	1	1	0	0	0
NC_011258.1_11120	1	1	1	2	1	1	1	1	1	1	1	1	1	1	1	0	0	0	0	0	0	1	0	1	0	0	0
NC_011258.1_11127	1	1	1	2	1	1	1	1	1	1	1	1	1	1	1	0	0	0	0	0	0	1	0	1	0	0	0
NC_011263.1_1864	2	1	1	1	1	1	1	1	1	1	1	1	1	1	1	1	0	1	0	0	0	1	0	1	0	0	0
NC_011244.1_345724	1	2	1	1	1	1	1	1	1	1	1	1	1	1	1	1	1	1	0	0	0	1	0	0	1	1	1
NC_011244.1_634235	1	2	1	1	1	1	1	1	1	1	1	1	1	1	1	1	1	1	0	0	0	1	0	1	1	1	1
NC_011244.1_788971	1	2	1	1	1	1	1	1	1	1	1	1	1	1	1	0	0	0	0	0	0	1	0	0	0	0	0
NC_011244.1_788980	1	2	1	1	1	1	1	1	1	1	1	1	1	1	1	0	0	0	0	0	0	1	0	0	0	0	0
NC_011244.1_900138	1	2	1	1	1	1	1	1	1	1	1	1	1	1	1	0	0	0	0	0	0	1	1	1	0	0	0
NC_011258.1_11103	1	2	1	1	1	1	1	1	1	1	1	1	1	1	1	0	0	0	0	0	0	1	0	1	0	0	0
NC_011263.1_1846	1	2	1	1	1	1	1	1	1	1	1	1	1	1	1	1	0	1	0	0	0	1	0	1	0	0	0
NC_011244.1_601236	1	2	1	1	1	1	1	1	1	1	1	1	1	1	1	1	1	1	0	0	0	1	1	1	0	0	0
NC_011244.1_601227	1	2	1	1	1	1	1	1	1	1	1	1	1	1	1	1	1	1	0	0	0	1	1	1	0	0	0
NC_011244.1_346594	1	2	1	1	1	1	1	1	1	1	1	1	1	1	1	1	1	1	0	0	0	1	1	1	0	0	0
NC_011244.1_169743	1	2	1	1	1	1	1	1	1	1	1	1	1	1	1	1	1	1	0	0	0	1	1	1	0	0	0
NC_011244.1_169749	1	2	1	1	1	1	1	1	1	1	1	1	1	1	1	1	1	1	0	0	0	1	1	1	0	0	0
NC_011244.1_456282	1	1	1	1	0	2	2	1	1	1	1	1	1	1	1	1	0	1	2	0	0	1	0	0	1	0	0
NC_011244.1_456116	1	1	1	1	1	2	1	2	1	1	1	1	1	1	1	0	0	0	1	0	0	2	0	0	1	0	0
NC_011244.1_464721	1	1	1	1	2	2	1	1	1	1	1	1	1	1	1	0	0	0	0	0	0	1	0	0	2	0	0
NC_011244.1_456337	1	1	1	1	1	1	1	1	1	1	1	1	1	1	1	1	0	0	1	0	0	2	0	0	1	0	0
NC_011244.1_464703	1	1	1	1	1	1	1	1	1	1	1	1	1	1	1	1	0	0	0	0	0	2	0	0	1	0	0
NC_011244.1_464717	1	1	1	1	1	1	1	1	1	1	1	1	1	1	1	0	0	0	0	0	0	2	0	0	0	0	0
NC_011244.1_465137	1	1	1	1	1	1	1	1	1	1	1	1	1	1	1	0	0	0	0	0	0	2	0	0	2	0	0
NC_011244.1_465144	1	1	1	1	1	1	1	1	1	1	1	1	1	1	1	0	0	0	0	0	0	2	0	0	2	0	0
NC_011244.1_456080	1	1	1	1	1	1	1	1	1	1	1	1	1	1	1	0	0	0	0	0	0	1	0	0	2	0	1
NC_011244.1_456279	1	1	1	1	1	1	1	1	1	1	1	1	1	1	1	1	0	1	1	0	0	1	0	0	2	0	0
NC_011244.1_464828	1	1	1	1	1	2	1	1	1	1	1	1	1	1	1	1	0	0	0	0	0	1	0	0	1	0	0
NC_011244.1_456871	1	1	1	1	1	2	1	1	1	1	1	1	1	1	1	1	0	0	1	0	0	1	0	0	1	0	0
NC_011244.1_465110	1	1	1	1	1	2	1	1	1	1	1	1	1	1	1	1	0	0	1	0	0	1	0	0	1	0	0
NC_011244.1_456334	1	1	1	1	1	1	1	1	1	1	1	1	1	1	1	1	0	0	2	0	0	1	0	0	1	0	1
NC_011244.1_457730	1	1	1	1	1	1	1	1	1	1	1	1	1	1	1	1	0	0	2	0	0	1	0	0	1	0	0
NC_011244.1_457731	1	1	1	1	1	1	1	1	1	1	1	1	1	1	1	1	0	0	2	0	0	1	0	0	1	0	0
NC_011244.1_456879	1	1	1	1	2	1	1	1	1	1	1	1	1	1	1	2	0	0	2	0	0	1	0	0	1	0	0
NC_011244.1_464711	1	1	1	1	2	1	1	1	1	1	1	1	1	1	1	0	0	0	0	0	0	1	0	0	1	0	0
NC_011244.1_456868	1	1	1	1	1	1	2	1	1	1	1	1	1	1	1	2	0	0	2	0	0	1	0	0	1	0	0
NC_011244.1_464840	1	1	1	1	1	1	1	1	1	1	1	1	1	1	1	2	0	0	0	0	0	1	0	0	1	0	0
NC_011244.1_456341	1	1	1	1	1	1	1	1	1	1	1	1	1	1	1	2	0	0	1	0	1	1	0	0	1	0	0
NC_011244.1_456860	1	1	1	1	1	1	1	1	1	1	1	1	1	1	1	2	0	0	1	0	0	1	0	0	1	0	0
